{"cameraMode":{"drawMode":0,"name":"Shaded","section":"Shading Mode"},"sceneLighting":false,"audioPlay":false,"sceneViewState":{"m_AlwaysRefresh":false,"showFog":true,"showSkybox":false,"showFlares":true,"showImageEffects":true,"showParticleSystems":true,"showVisualEffectGraphs":true,"m_FxEnabled":true},"in2DMode":false,"pivot":{"x":-4.166849136352539,"y":0.34735190868377688,"z":0.7072068452835083},"rotation":{"x":-0.19427314400672913,"y":-0.5066593885421753,"z":0.11836398392915726,"w":-0.8315925002098084},"size":1.6609011888504029,"orthographic":false}